inspection_city,inspection_state,total_violations
Acme,PA,2
Aliquippa,PA,16
Allison Park,PA,1253
Ambridge,PA,36
Atlanta,GA,2
Bairdford,PA,40
Bakerstown,PA,72
Beaver,PA,8
Beaver Falls,PA,3
Bethel Park,PA,1892
Brackenridge,PA,192
Braddock,PA,518
Bradfordwoods,PA,29
Bridgeville,PA,2078
Buena Vista,PA,45
Bunola,PA,13
Burgettstown,PA,4
Butler,PA,8
Canonsburg,PA,12
Carnegie,PA,1397
Cecil,PA,6
Charleroi,PA,7
Cheswick,PA,686
Clairton,PA,862
Clinton,PA,121
Connellsville,PA,6
Coraopolis,PA,3012
Cranberry Township,PA,40
Creighton,PA,58
Cuddy,PA,70
Delmont,PA,1
Donegal,PA,1
Donora,PA,2
Dravosburg,PA,170
Duquesne,PA,491
East Mc Keesport,PA,60
East Pittsburgh,PA,223
Eighty Four,PA,1
Elizabeth,PA,794
Elrama,PA,2
Evans City,PA,2
Export,PA,5
Finleyville,PA,3
Franklin,PA,1
Freeport,PA,1
Gibsonia,PA,1487
Glassport,PA,310
Glenshaw,PA,725
Glenwillard,PA,40
Greenock,PA,3
Greensburg,PA,7
Grove City,PA,39
Harrison City,PA,2
Harwick,PA,34
Homestead,PA,2284
Hunker,PA,2
Imperial,PA,301
Indianola,PA,45
Ingomar,PA,1
Irwin,PA,3
Jeannette,PA,6
Kittanning,PA,2
Latrobe,PA,6
Leetsdale,PA,261
Library,PA,407
Lowellville,OH,1
Manor,PA,7
Mars,PA,255
Massillon,OH,2
Mc Donald,PA,110
Mc Kees Rocks,PA,2108
Mc Keesport,PA,2692
Monaca,PA,3
Monongahela,PA,33
Monroeville,PA,3735
Morgan,PA,23
Mount Pleasant,PA,2
Natrona Heights,PA,784
New Alexandria,PA,5
New Castle,PA,12
New Kensington,PA,68
Normalville,PA,3
North Versailles,PA,1019
Oakdale,PA,630
Oakmont,PA,1157
Perry,NY,1
Pitcairn,PA,171
Pittsburgh,PA,74255
Portersville,PA,1
Presto,PA,80
Rural Ridge,PA,15
Russellton,PA,232
Saxonburg,PA,4
Sewickley,PA,1235
South Heights,PA,2
Springdale,PA,363
Sturgeon,PA,26
Sutersville,PA,30
Tarentum,PA,1188
Toronto,OH,1
Trafford,PA,3
Turtle Creek,PA,529
Valencia,PA,31
Vandergrift,PA,12
Venetia,PA,2
Verona,PA,1333
Warrendale,PA,350
Washington,PA,9
Webster,PA,2
West Elizabeth,PA,68
West Mifflin,PA,2139
Wexford,PA,1784
Wildwood,PA,6
Wilmerding,PA,186
Youngstown,OH,4
Youngwood,PA,4
Zelienople,PA,6
